"name","id"
"3 CON","1557"
"360 Lion Express","3142"
"3E Biotech","3979"
"3M","102"
"4 Pack","999"
"4p Logistic","3245"
"A.P. Plasman","19"
"A2MAC1","1563"
"Ab inBev  (Grupo Modelo)","3110"
"Abarrotes del Duero","200"
"Abastecedora Comercial","900"
"ABB","1783"
"ABC Group","784"
"Abrica","737"
"Absormex","1615"
"ABT","2006"
"Accel","262"
"Accument","1138"
"Accuride","550"
"ACE Manufacturing","2279"
"ACE Stamping","1343"
"Aceites y Lubricantes","2983"
"Acero Prime","138"
"Aceromex","954"
"Aceway","208"
"ACPS","830"
"Actinver","2764"
"Acuity Brands","44"
"ADAC Strattec","505"
"Adams Thermal","3471"
"Adelnor","1264"
"Ademsa","1733"
"Adient","452"
"ADM","1935"
"ADM Food","2746"
"Advaltech","214"
"Advance Energy Industries","3821"
"Advanex","693"
"Advics Manufacturing","474"
"Aermotor","2194"
"AFC Industries","3993"
"Afinex / ML","2154"
"AFL Telecom","3376"
"AG Industries","1230"
"AGM","305"
"AGP","2161"
"Agro Insumos","1387"
"AI Thermal","3591"
"AID","2059"
"AIM Soldaduras","740"
"AIM Solder Mexico","3974"
"Air International","856"
"Air Technology","144"
"Air Thermal","2082"
"Aisin Seiki","802"
"Ak Tube","614"
"AKG","2177"
"Akuver","3434"
"Al Super","1909"
"Alen","1210"
"Alesa","75"
"Alesba","1002"
"Algebasa","269"
"Alian","3609"
"Alian Plastics","274"
"Alibaba","3151"
"Aliexpress","3244"
"Align Tech","2728"
"Align Technology","106"
"Allgaier","525"
"Alliance Air","458"
"Almacenadora","2105"
"Almacenes Garcia","769"
"Almer","207"
"Almex","2032"
"Almond","238"
"Alorica","690"
"ALP Logistics","630"
"Alpha Recycling","2622"
"Alphacom","129"
"Alpla Gorup","3774"
"ALPS","587"
"ALPS Logistics","1049"
"Alpura","1540"
"Alsea","21"
"Also Ikawi","1048"
"Alstom Transp Mexico","663"
"Alsur","640"
"ALT Technology","1271"
"Aluminios Baja California","1573"
"Aluplast","3571"
"Am-mex","2117"
"Am-mex manufacturing","2707"
"Amada","1082"
"Amazon","36"
"Ambu","2007"
"Amcor","1716"
"AMD","1520"
"American Axle","3590"
"American Empack","1273"
"American Indistries","3696"
"American Poly","376"
"American Tubing","1038"
"American Woodmark","3307"
"Amersbury","136"
"Ametek","877"
"AMI PPM","294"
"AMII","1389"
"Amphenol","377"
"Amphenol / Thermometrics","2281"
"Amphenoll","736"
"AMPM","2766"
"Amvian","897"
"Anchor","1165"
"Anchor Bay","894"
"Anderton Casting","1838"
"Andrea","823"
"Android","298"
"Anixter","1927"
"Antolin","996"
"Anza Packaging","2941"
"Apard","814"
"APIC","2624"
"Aplus Logistic","3596"
"Aptar","4047"
"Aptiv","3497"
"Apymsa","3943"
"AR Papel","71"
"Arauco","1546"
"Arca","2371"
"Arca Continental","1937"
"Argos","205"
"Argos Electrica","3143"
"Argos Logisticsa","595"
"Arris","671"
"Arrow Electronics","1678"
"Artaban","119"
"ARZYZ","1722"
"Ashcroft","1810"
"Ashimari Mexico","956"
"Asia Way","3024"
"ASK Industries","3920"
"Aspen","3736"
"Aspen Aerogel","3010"
"Aspen Medical","287"
"Assa Abloy","873"
"Astrophysiscs","540"
"AT-MX","761"
"Athletic Sewing","3033"
"ATI","3876"
"Atlas Group","1572"
"Atlas Transportation","588"
"Atotech","1697"
"Atsumi Kogyo","1134"
"Aurora Technology","1032"
"Aurrenak","1021"
"Auto Industrial de Partes","3316"
"Auto Lineas America","1994"
"Autoliv","472"
"Automann","3950"
"Automotive Maquiladora","1255"
"Autoneum","42"
"Autoplastek","3296"
"Autotek","3411"
"Autozone","227"
"Avantti","3519"
"Avenger Flight Group","1366"
"Avent","1079"
"Avent - Avanos","1902"
"Avera","2803"
"Avery","1354"
"Avery Products","1312"
"Avior","1552"
"Avon Automotive","77"
"Avtron","3805"
"AVX","539"
"Axi Cocinas Integrales","1918"
"Axiomatek","751"
"Axionlog","1276"
"Axolotl","3265"
"Aztek Technologies","2676"
"B Match","2684"
"Bader","1003"
"Baichuan","1860"
"Baja Fullfilment","3070"
"Baja Fur","143"
"Baja Recycling","1436"
"Bajo Cero Frigorificos","1814"
"Ball","7"
"Balluff","3402"
"Banabox","177"
"Banner","293"
"Barcel","924"
"Basal","206"
"Basic","1423"
"Basic Logisticsa","1120"
"Basicos Partes y Asociados","571"
"Batom - Great Taiwan Lear","3530"
"Baude","859"
"Baxter","3981"
"BB Crossborder Solutions","3908"
"BBB","22"
"BD Medical","3581"
"Beautiful Windows","276"
"Beaver Visitec","552"
"Becton Dickinson","2400"
"Behr","642"
"Bekaert Deslee (Politel)","3643"
"Bekaert Textiles","103"
"Belmont","306"
"Benchmark","792"
"Benchmark Electronics","1944"
"Bend All","2151"
"Benecke Kaliko / Contitech","168"
"Bengon (Carton Box)","896"
"Benson","1225"
"Benteler","241"
"Benteng","2690"
"Bergstrom","1473"
"Bericap","1244"
"Best Sipping Ever","281"
"Bestech","334"
"Betterware","2065"
"Beyond Business","2318"
"BH","753"
"BIC","3433"
"Bill Forge","307"
"Bimbo","1811"
"Binex","1015"
"Bio Pharm","2064"
"Bio Rad Laboratories","2636"
"Biomasa","702"
"Biopapel","268"
"Biopharma","2759"
"Biorad","1953"
"Bioscents","2761"
"Birmex","3795"
"Bisell","1269"
"Bitron de Mexico","2705"
"bizLINK","1213"
"Black and Decker","1644"
"Blue Box","29"
"Blue Side","2751"
"Boardman","1016"
"Bobcat","4004"
"Bodor","1732"
"Bodycote","45"
"Boe Hefei","2230"
"Boeing Encore","3922"
"Boge Rubber","938"
"Bohn","3929"
"Bombardier","1544"
"Bonafont","503"
"Border Trade Logistics","3758"
"Borets International","3209"
"Borgwagner","210"
"Bos Automotive","888"
"Bosch","31"
"Bose","217"
"Bourns","3164"
"Box Industries","1529"
"Boyd Corporation (Tecma)","1802"
"Boysen","454"
"BPI","1905"
"BPI Distribution Mexico","2096"
"Brake Parts","2023"
"Branco Industries","3042"
"Brand & Push","2996"
"Brass Builders","662"
"Bravo Pack","3301"
"Brazos Trailer","3400"
"Breakpart","342"
"Brembo","781"
"Brenn","324"
"Brenta","1066"
"Brentwood","1020"
"Bri / Avkem","311"
"Bridgestone","1106"
"Brighstar","2091"
"Bright Machines","3253"
"BRK","1198"
"Broad Ocean","141"
"Broan Nutone","2790"
"Bromake","555"
"Brose","404"
"Brown Forman","1792"
"BRP","880"
"BSN Medical","291"
"BTL","2048"
"Build a Sign (Tecma)","3271"
"Burland (TECMA)","3975"
"BUT","3509"
"BWI","1910"
"BYDSA","1713"
"C&J Tech","846"
"CA Corporation","67"
"Cable Network","325"
"Cablemas","137"
"Cabopol","3712"
"CagoQuin","1784"
"Cajas de Carton Sultana","546"
"Cajeros","787"
"Cal - Mil Plastics","1009"
"Cali Resources","2000"
"Calibaja","3990"
"Call Services","569"
"Camex - Toyota tsusho","124"
"Camfri Innovating Logistics","2132"
"Campus Italia","970"
"Canature Water Group","1659"
"Canon","3789"
"Carcoustics","834"
"Cardinal Health","1888"
"Cardone","6"
"Carel","749"
"Carelab Farma","3775"
"Cargamos","2145"
"Cargo","670"
"Cargoquin","118"
"Cargoquin (3PL Services)","1995"
"CargoQuin 3PL","3034"
"Carl Zeis","3086"
"Carlo Gavazzi","3906"
"Carrier","400"
"Cartamundi","1829"
"Carthane","3508"
"Cartolito","1452"
"Cartones Ponderosa","2043"
"Carvajal","3314"
"Casa Cuervo","1589"
"Casapia ECS","1898"
"Castle Metals","1670"
"Caterpillar","10"
"CCA Logistics","951"
"CCM Acoustic","189"
"CCM Hokey","3703"
"Cebal","1088"
"Celestica","1043"
"CENN (Cenntro Electric Group)","3159"
"CenterLine","3930"
"Centracore","2727"
"Central","665"
"Centric","1175"
"Century Mold","192"
"Cepton Technologies","3806"
"Cequent","165"
"Ceraman Camax","2031"
"Cergil","3781"
"Certus Automotive","466"
"CEVA","158"
"CF Moto","3133"
"CFM","3871"
"CG Mexico","2354"
"CG Solutions","1430"
"Chang Sun Corporation","3534"
"Channel Products","3297"
"Charly","810"
"Cheersson","703"
"Chep","989"
"Chia Her","3955"
"Chint Electric","3928"
"CHS","744"
"Chulabrand","1070"
"Chumboom Aerosol","4044"
"CICE","3878"
"CIE Nugar","3672"
"Cigarrera","2984"
"Cikautxo","721"
"Cimsa Logistics","695"
"Circor","547"
"Citic Dicastal","2922"
"Citrasa","2087"
"CJ Korea Express","619"
"CJ Logistic","3536"
"CJ Logistica","1762"
"CJ Logisticso","868"
"Clarios Jhonson Control","2200"
"ClartonHorn","1151"
"Climatech","4020"
"Close the Loop","4060"
"CM Partners","2758"
"CMI Logisticsa","1046"
"CNC Global","1692"
"Coalimexa Alim Mex","746"
"Coast Aluminium","3284"
"Coat","2319"
"Coats Mexico","3205"
"Coavis","302"
"Coca Cola","366"
"Coficab","85"
"Coflex","2203"
"Colchones Luuna","2142"
"Colchones Wendy","2144"
"Colgate","2027"
"Collado","2005"
"Cololink","1329"
"Columbus","2785"
"Columbus Industries","1330"
"Columbus McKinnon","3367"
"Cometa Ideas","1667"
"Comex","974"
"Commscope","1401"
"Computime Mexicana","2769"
"Confidential","965"
"Confidential Medical","1941"
"Conform Group","851"
"Conmet","94"
"Connor  Metal Stamping","1486"
"Connor Metal Stamping","3527"
"Consentino","1242"
"Constellium","658"
"Constructora","650"
"Contec","183"
"Contellation Brand","3532"
"Continental","419"
"Convatec","1087"
"Cool Bridge","2370"
"Cool Pack","624"
"Coopel","3172"
"Cooper Standadr","2188"
"Cooper Standard","380"
"Cooper Std","1179"
"Cooper Tires","427"
"Copel","1593"
"Copeland","605"
"Coplasco","2299"
"Coppel","62"
"Corchomex","3917"
"Cordis de Mexico","2734"
"Core Cover","1826"
"Cornelius","1764"
"Corning","759"
"Corning Optical","446"
"CoroPlast","1505"
"Corrubox","971"
"Corrugados","871"
"Corrugados Logo","920"
"Corrumex","1946"
"Cosmeticos 5+1","1986"
"Cosmx","3949"
"Coto Technology","3808"
"Cover Supply","3982"
"Covert Craft","3810"
"Cozzini","397"
"CP Empaques","1072"
"CPI","2398"
"CPI (Automotive)","2757"
"Creative Foam","667"
"CRI de Mexico","3594"
"Criotec","1094"
"Crossdock","1625"
"Cryptex","1125"
"CTA","1374"
"CTS","3427"
"CTS Global","3888"
"Cummins","3179"
"Cuprum","1136"
"Current Power","3506"
"Currugated and Packaging","519"
"Custom Cabinets","1900"
"Custum Profile","2166"
"CVA","3229"
"CVG","167"
"CVS","1515"
"CW Logistics (Crane)","254"
"CWL Global Logistics","2778"
"Dachser","3539"
"Daclaf Pharm","2753"
"Dae Young","3453"
"Daedong","3619"
"Daehan","162"
"Daewon","194"
"Daewon Chemical","3304"
"Daewoo","2336"
"Daeyeong Mexico","223"
"Daher","876"
"Daikin","2966"
"Daimay","1118"
"Daimer","2619"
"Daimler","943"
"Dalite Group","3874"
"Damco","180"
"Damco Logistics","1770"
"Dana","2109"
"Danfoss","3036"
"Danhil Containers","348"
"Dankel","3752"
"Danone","328"
"Dasza","3255"
"Dataproducts","803"
"David Zapien","1408"
"Dawn Food","738"
"Daycon","3322"
"Daye","3340"
"Dayligth Corrugated","1345"
"Daymay","582"
"Dayton","1559"
"DB Shenker","32"
"DBM Optix","2035"
"DDF","1747"
"DDS","239"
"De Acero","1141"
"De Rosel","175"
"Deco Cookies","3866"
"Decoracion Colonial","354"
"Del Bravo","3573"
"Delastek","1372"
"Delfingen","1433"
"Delphi","549"
"Dematic","318"
"Demotechnic","850"
"Desamex","2083"
"Detroit Axle","1753"
"DGS","1566"
"DHL","198"
"Diada","1921"
"Diageo","430"
"Dialight","1204"
"Diamond Electronics","132"
"Dicex","2353"
"Dicka Logistica","3173"
"Dicka Logistics","493"
"Diebold","2990"
"Diehl Control","1556"
"Diga","1060"
"Digit Metal Stamping","2331"
"Diken","3073"
"Dimer","2123"
"Dimesa","1543"
"Diseno y Transformaciones","3856"
"DK Ramos","23"
"DLH Bowel","424"
"Dometic","1282"
"Domio printing","2754"
"Donaldson","1337"
"Dong Yang Piston","81"
"Dong-AH Electric Components","373"
"Dongkook","3713"
"Dongkuk Steel","2939"
"Doolim","1388"
"Dowa","511"
"Dowa Metaltech","902"
"DPTC","1737"
"Draexlmaier","495"
"Dragon Trade Import","3991"
"Dripless","3816"
"DS Texfles","577"
"DSBJ","3193"
"DSV","828"
"DTR","2375"
"Dupont Pionner","622"
"Dupuis","1781"
"Duqueine","309"
"Durable Superior Caster","1192"
"Durabox","1086"
"Dynacast","696"
"Dynatect","3289"
"E.G.O.","3622"
"Easy Way Products","544"
"Eaton","485"
"Eberspaecher- Purem","1596"
"Ebex Logistic","1483"
"Ebex Logistics","1008"
"EC Demim","1775"
"ECI","682"
"ECM","3186"
"ECM Induistries","1893"
"Ecofrio","1168"
"ED Logistics","2608"
"ED Logisticsa","174"
"EDAG","270"
"Edcsha","1045"
"Edscha","494"
"Efform","147"
"EG Logistics","1632"
"EGA Kat Log","3790"
"Egelhof","4022"
"Eiffel","1394"
"Ejot","344"
"Ekide","1370"
"EKK Eagle Industry","578"
"El Sardinero","774"
"Elastomix","962"
"Electrical Components International(ECI)","1247"
"Electrolux","1251"
"Elektra","755"
"Eletile","3763"
"Elica","842"
"Emco","1169"
"Emerson","1996"
"Emerson White Rodger","2774"
"Emicol","1609"
"Emo Logistics","838"
"Empacadora La Merced","151"
"Empacadora Superior","1924"
"Empaques Modernos","2094"
"Empaques Rio Grande","195"
"Empresas Bengon (Carton Box)","575"
"Empresas de Telecomunicaciones","1026"
"Encore (Boeing)","3413"
"Endygo","1920"
"Engel","4063"
"Engstone","2681"
"Envases Universales","3234"
"Envesta","3956"
"Envia Flores","2630"
"EP Logistics","280"
"Epic","456"
"Erae","653"
"Ergomotion (tecma)","1821"
"Esfevon","564"
"Eson","3212"
"Essentra","3249"
"Essilor","2951"
"Estafeta","283"
"Estapack","3113"
"Estee Lauder","3230"
"Esterline","86"
"Estructura Diva","1393"
"Estudio Color","3778"
"Etipress","3312"
"Euro Group Company","581"
"Eurotransiatura Mexico","3931"
"Evco","731"
"Evco Plastics","1428"
"Evertis Packaging","1655"
"EVSA","3139"
"Exel Logistics","1347"
"Exemplis","1127"
"EZ Air","1669"
"Ezzi","300"
"Fabcast","3768"
"Fabrica de Vidrio Potosi","4049"
"Fabricair","3585"
"Fabuwood","4017"
"Facil Be","1896"
"Factoria","2312"
"Fagerdala","1405"
"Fanasa","319"
"Fanuc","381"
"Fapsa","47"
"Farmacias Roma","2119"
"Farmacias San Pablo","1358"
"Farmacias Similares","1053"
"Farmasi","2358"
"Fastenal","3446"
"Faurecia","43"
"Faurecia I","2779"
"Faurecia II","2780"
"Faurecia III","3565"
"Fawer","1861"
"FCTA","1904"
"Federal Mogul","88"
"Federal Pacific","3221"
"Fedex","471"
"Fehrer","862"
"Femsa","267"
"Festos (Faurecia)","3756"
"Fevisa","3811"
"Fibremex","559"
"Ficosa","3638"
"Filtran","304"
"FIMA","1438"
"Final Feet","1819"
"First Mold","3762"
"Fives Group","3041"
"Flex","1742"
"Flexi","1504"
"Flexible Packaging","1348"
"Flexitech","1835"
"Flexsteel","1892"
"Flextronics","1493"
"Fluid Master","3037"
"Flux Metals","1484"
"Foam Creations","1503"
"Foam de Mexico","1289"
"Fong Chen","3687"
"Food Tailers","1863"
"Foodliner","741"
"FootPrint","1075"
"For Promotional","3141"
"Ford","2638"
"Forefront Medical","3660"
"FORI","1523"
"Formation3","2392"
"Forms","1327"
"Fow","1619"
"Foxconn","1806"
"Foxconn (Ingrasys)","3645"
"Foxxcon","1128"
"Fraenkische","317"
"Fram Group","570"
"Franke","3123"
"Franklin Electric","645"
"Franslux","3545"
"Fresenius Medical","378"
"Freudemberg","1437"
"Freudenberg","4045"
"Frialsa","783"
"Friccion Tech","1492"
"Frigus Bohn","2273"
"Frisa","984"
"Frontier","1265"
"Fruitex de Mexico","3776"
"FT Mex","1069"
"Fubrana","2702"
"Fuji Oozx","164"
"Fumari","1761"
"Fundacion RJC","732"
"Funwick","3715"
"Furikawa","160"
"Furukawa","923"
"FWD Logistics","1489"
"FWS","142"
"FWS - Lexmark","1605"
"G - Global","1720"
"G Global","1233"
"G-Global","3300"
"G-One","149"
"G&W Electronics","3862"
"Gabriel TXPRO","2058"
"GAIA","2101"
"Galo","285"
"Galo Shipping","278"
"Galpa","2139"
"Gamesa","2133"
"Gasca","1383"
"Gate Gourmet","1376"
"Gates","2981"
"Gbox","145"
"GE","1196"
"GE Oil","133"
"Gear for Sport","457"
"Gecko Alliance","1848"
"Gedney Foods","3614"
"Geiger","339"
"Genasco","350"
"General Electric","955"
"General Foam","24"
"General Motors","1"
"Genesis","3355"
"Gentherm","476"
"Geodis Wilson","48"
"Georg Fischer","1462"
"GEPP","1876"
"Gergonne","1990"
"Gestamp","3131"
"Getrag","2"
"GFI","1071"
"Ghoner","1404"
"GHSP","2326"
"Gissing","2053"
"GKN","25"
"GKN Aerospace","3403"
"Glint","1415"
"GLN","3050"
"Global Jeonjin","3040"
"Global Logistics","3382"
"Global Trade","698"
"Global Trade Logistics","225"
"GM","1121"
"Go Global","567"
"Gobierno de Gto","2198"
"Gobierno de Zapopan","2069"
"Gohsyu","66"
"Golden Foods","1955"
"Goncalves","266"
"Gondi (Rock Tenn)","407"
"Gonher","916"
"Goode Eis","3418"
"Goodyear","421"
"Gotech","1763"
"Grainger","972"
"Graphic Society","197"
"Grayling","502"
"GRC","1011"
"Greatbatch","72"
"Green Bay","109"
"Greiner Assitec","1463"
"Grifi","529"
"Grisi","440"
"Grote","2360"
"Group O","2955"
"GRS","2658"
"Gruma","20"
"Grupo Alianza","3662"
"Grupo Antolin","1013"
"Grupo Arcoiris","2931"
"Grupo Axo","441"
"Grupo Carso","169"
"Grupo Cice","2648"
"Grupo Copo","1186"
"Grupo Dekko Mexico","1262"
"Grupo ED","2141"
"Grupo Huang - Yu","885"
"Grupo Industrial JM","3243"
"Grupo Modelo","1400"
"Grupo Porteo","1431"
"Grupo Rosmar","1794"
"Grupo SID","30"
"Grupo Traxion","3651"
"Grupo Traxxion","1638"
"Grupo WIC","982"
"Grupo Zorro Abarrotero","11"
"GSW","64"
"GT Logistics","2807"
"GTL","3091"
"Guala Dispensing","2054"
"Guhring","184"
"Gulfstream","3842"
"Guntner","277"
"GVS","1467"
"GXO","3578"
"GXO Logistic","3977"
"H & T","3675"
"Haemotronic / Ravisa","558"
"Haeng Sung","1836"
"Hajime","1301"
"Hakkai","250"
"Hal Aluminum","12"
"Haldex","2269"
"Halla Visteon","126"
"Halo","542"
"Hamko","390"
"Hammond Power Solutions","218"
"Hamsa","232"
"Hanil Automotive","14"
"Hanil Electronics","3924"
"Hanju","655"
"Hankook","3691"
"Hankook Tire","811"
"Hanon System","461"
"Hanseatik","2086"
"Hanso de Mexico","1469"
"Hanwa Steel","253"
"Hanwha","112"
"Hapy","1618"
"Harbin Proteins","752"
"Harmac Medical Products","3093"
"Harman","76"
"Harman Kardon","1561"
"Hasbro","1111"
"Hatch Stamping","163"
"Hayakawa Electronics","700"
"HB Fuller","3942"
"HBG Corp","1223"
"HBPO","934"
"HCMF","3900"
"HCP Packaging","3286"
"HCQ","1685"
"HD Electronics","1364"
"HEB","3491"
"Hegel","2138"
"Heieneken","2775"
"Heilind","1514"
"Heineken","401"
"Heler Termoplasticos","3714"
"Hella Automotive","233"
"Hellerman Tyton","535"
"Hellermann Tyton","345"
"Hellman Worlwide Logistics","935"
"Hellmann","3960"
"Helm","1684"
"Henco","945"
"Hengli","3067"
"Henkel","486"
"Herbalife","1872"
"Herdez","362"
"Herfrasa","1683"
"Hexagon","1701"
"HFI","358"
"Hi-Lex","2172"
"Hilex Control","3987"
"Hillenbrand","3479"
"Hilti","2159"
"Hirotec Tooling","918"
"Hisense","3320"
"Hisense 1","2687"
"Hisense 2","2688"
"Hisun Motors","3059"
"Hitachi","8"
"Hitachi Energy","4018"
"Hjic","3721"
"HK Tairiu Electronics","3618"
"HNI","2291"
"Hodgen Technologies","3837"
"Hoffman Group","331"
"Holdbox","436"
"Home Depot","1760"
"Homemake","1976"
"Honeywell","3430"
"Hongji Metal","3723"
"Horaizon Plastics","629"
"Horizon","4068"
"Houston Foam Plastics (Tecma)","1822"
"Hoymiles","3417"
"HRCS","742"
"HSAM","620"
"HSAN","908"
"Huade","3860"
"Huajie","1772"
"Huasion","4025"
"Huawei","1948"
"Hubell","3303"
"Hufcor","1851"
"Hunter","704"
"Hunter Douglass","1787"
"Hunter Industries","3854"
"Hussman","4064"
"Hutchinson","3396"
"Hwaseung","199"
"Hydro Precision Tubing","2044"
"Hyster Yale","1528"
"Hyundae Polytech","526"
"Hyundai","844"
"Hyundai Material","610"
"IACNA","371"
"Ibarra","836"
"IBI (International Brakes)","2245"
"IBLS","987"
"IBX Mft","3870"
"Icon Aircraft","423"
"Icon Hydraulic","437"
"ICS","392"
"IDL","1054"
"IDL Logistic","1691"
"IEWC","964"
"Iimak","296"
"Ikano","1518"
"IKD","2382"
"ILAS","1386"
"Illux","2752"
"ILN","1047"
"Ilpea","108"
"ILS","1360"
"Ilsco","1906"
"IMG LLC","3896"
"IMI","333"
"IMI (Integrated Micro Electronics)","247"
"IMI Norgren","1926"
"iMile","3503"
"Immex","346"
"IMMI","1270"
"Imp","2253"
"Impco","1073"
"Imperial Auto","3685"
"Imperial Toy","794"
"Impreso RTM","927"
"Impresos Tecnograficos","1867"
"Impro Precision","683"
"Impulso al Crecimiento","115"
"Inalsa","1263"
"Incell","1290"
"Indelpa","2085"
"Indio Products","890"
"Inditex","3968"
"Indukern","2248"
"Induspac","330"
"Industrial Medico","870"
"Infinitum Electric","3718"
"Infinity Nissan","413"
"Ingram","1656"
"Inix","216"
"Injectronic","1917"
"Injelic","3292"
"Injemex Autopartes","359"
"Innomex","2334"
"Innova","2097"
"Innova Sport","1429"
"Innovative Automation Solutions","1385"
"Inoac","2264"
"Inox","3065"
"Intcomme Logistics","1993"
"Integrity Tool & Mold","460"
"Interconnect (NAPS)","3109"
"Intermek","209"
"Intermex","4058"
"International Brakes","1648"
"International Supply","2017"
"Intersep","93"
"Inteva","420"
"Intica System","634"
"Intralox","3939"
"Inventec","882"
"Inventronics","1657"
"Invisible System","1913"
"INX","2797"
"Inzi Display","825"
"Ipar Mold","990"
"IQA","978"
"Iron Mountain","3737"
"Irving","1170"
"Ise Metal","1050"
"Isewan","191"
"Isgo","1587"
"Ishimitsu Industry","907"
"Isobolta","626"
"Israeli Manufacturing","2022"
"ISRI","83"
"Isringhausen","2756"
"Italika","530"
"Item Sur","3120"
"Iter Americana","365"
"Itron","1724"
"ITT Industries Motion Technologies","432"
"Ivemsa - World Depot","2226"
"Ivex Packaging","243"
"Izzi","668"
"J and S","1576"
"J and Y Foam","1699"
"J Cox","899"
"J K Cabinetry","1650"
"Jabil","444"
"JAC Products","4046"
"Jacuzzi","1167"
"Jadebox","3734"
"Jamerr","3018"
"Jarlin","1620"
"Javentures","930"
"Jaztea","3814"
"JCI","3827"
"JCK Plastics","1847"
"JCox","1708"
"JD Group","1757"
"JDD Tech","3480"
"Jetai Mexico Packing","3905"
"JHR","3449"
"Jiahua Chemicals","3717"
"Jiaxipera","3428"
"Jinjang","3731"
"JJR","1800"
"JNM de Mexico","475"
"John Deere","2925"
"Johnson Controls","63"
"Jonathan Lewis Furniture","65"
"Joncen","3701"
"Jones Plastics","1511"
"Jones Sign","1298"
"Joybird Nest","2255"
"Joyson Safety","1870"
"Joysonquin Automotive","3366"
"JP Express","2637"
"JS Manufactura","349"
"JS Manufacture","1368"
"JSP","3859"
"Judd Wire","3647"
"Jugos del Valle","508"
"Juguetes Famosa","2357"
"Julian Electric","322"
"Julong","3610"
"Jumex","1232"
"Jusda","3741"
"Jusda Logistic","1603"
"Justo","2627"
"JV and H","1942"
"K Chemical","79"
"K-Flex","1453"
"K-Tech","1007"
"K&N","166"
"K+N","299"
"Kalkai","3946"
"Kamax","1259"
"Kanepackage","1081"
"Kasco","3317"
"Kathion","337"
"Kaufmman","1019"
"Kautex","326"
"Kavak","1734"
"Kawasaki","1629"
"KB Component","2316"
"KC Jones Plating","327"
"Keats de Mexico","2061"
"Kellogs","1698"
"Kemin","2773"
"Kenit Recycling","1825"
"Kenshi","1675"
"Kern - Liebers","123"
"Kern Liebers","521"
"Kerr Industries","3488"
"KET Engineered","2037"
"Kewen","1314"
"Key Quimica","1340"
"Key Safety System","960"
"KeyQuimic","1738"
"Keytronics","2189"
"KHI Building","3025"
"Kimball Electronics","2362"
"Kimberly Clark","1608"
"King Castle","1795"
"King Machine","895"
"Kirchhoff","3524"
"Kleen Bebe","847"
"Kloeckner","3941"
"Kloeckner Metals","1702"
"Kmin","113"
"KNW","110"
"KOA Automotive","3711"
"Koam","96"
"Koandi (Kua Mex Food)","2136"
"Kobelco CH Wire","78"
"Koblenz","1547"
"Kodaco","462"
"Kohler","1639"
"Kolder","478"
"Kolon","666"
"Kolon Glotech","501"
"Komax","279"
"Komyo America","735"
"Kongsberg Automotive","224"
"Kormex","966"
"Kostal","3311"
"Kraem","153"
"Kromberg","762"
"Kros Otomotiv","1651"
"Krown","3052"
"KSS","3887"
"Kuamex Food","940"
"KUAMEX Foods","648"
"Kubota","3650"
"Kuehne & Nagel","921"
"Kuehne + Nagel","3477"
"Kuka / Gujia","1621"
"Kuka Home","1857"
"Kuka Home N1","3114"
"Kuka Home N2","3710"
"Kuka Home N3","3709"
"Kunhwa","343"
"Kuriyama","282"
"Kurota","303"
"kurtz ersa","3575"
"KUS","1662"
"KW","1189"
"KW Logistica","557"
"Kwang Jin","173"
"Kwang Myung (kmin)","672"
"Kyomex","694"
"La Esperanza","313"
"La Europea","95"
"La Nogalera","1766"
"La Termoplastic","382"
"Laboratorios Sanfer","3772"
"Ladesa","1294"
"Laerdal","1461"
"LAI","3068"
"Lakeland","3055"
"Laminados Saltillo","1216"
"Landsberg Orora","1031"
"Laredo Freight","1816"
"Lauak","1287"
"Lava RE Mexico","2157"
"LaZboy","3733"
"LCE","3572"
"LD Logistica","3363"
"Leach Aerospace (Visual City)","211"
"Leadgo","1883"
"Lear","470"
"Leche Lala","53"
"Leewha","652"
"Legget & Platt","154"
"Lego","451"
"Lego II","875"
"Legrand","3247"
"Leili","3684"
"Lennox","942"
"Lennox Commercial","3325"
"Lenovo","1478"
"Lenoxx","1157"
"Lens Technology","3288"
"Leoni","320"
"LG","2813"
"LG - Magna","3061"
"LG Electronics","3674"
"LG Magna","3673"
"LG VS","3349"
"LGMG","3522"
"Liant","4007"
"Lianxiang","1859"
"Liberty Steel","393"
"Libus","3013"
"Ligon Hydraulic","3938"
"Likom Mexico","2276"
"Limex","228"
"Linc","533"
"Lincoln Electric","3807"
"Linde + Wiemman","3861"
"Line - X","2671"
"Lingong","3214"
"Link Ev Electric","3069"
"Lisi Aerospace","1283"
"Liteon","120"
"Litografia de Mexico","1974"
"Liverpool","403"
"Living Space","3044"
"Living Space (Tecma)","2003"
"Lizhong","3115"
"LK Machinery","3880"
"Logan","2137"
"Logen Group","1801"
"Logicom","4070"
"Logis All","1477"
"Logisinergia Roug","643"
"Logistica Flexible","2067"
"LogisticPlus","3751"
"Logisticsa Alfin","172"
"Logisticsa Miramar","688"
"Logistik","1689"
"Logistorage","853"
"Logzmo","1658"
"Longda SH","2238"
"Longterm","4003"
"Lotte","939"
"LTP Group","2328"
"Luan Technology","3869"
"Lucky Harvest","2241"
"Luk Schaffler","38"
"Luminaire","3074"
"Lunela","2673"
"Lutron","1588"
"Lynn Concepts","3910"
"Mabe","3117"
"Mabuchi","864"
"Mabushi Motors","33"
"MacAuto","1424"
"Mack Tecnology","2164"
"MacLean","720"
"Maclean Engineering","3119"
"Macor de Mexico","2397"
"Madari","1839"
"Maeda Sumitomo","140"
"Maerks","3520"
"Maersk (Damco Log)","3502"
"Mafesa (Federal Pacific)","3440"
"Maflow","301"
"Magna","18"
"Magna Estampados","928"
"Magna Metal Forning","412"
"Magnaflow","111"
"Magnesita","321"
"Magneti Marelli","453"
"Mahle","375"
"Makino","739"
"Malta","360"
"MAM de la Frontera","1569"
"Man truck","1336"
"Mancrate","915"
"Mando","4"
"Manesa","1911"
"Mann + Hummel","473"
"Mann+ Hummel","950"
"Manufactura y Logisticas de Grasas","2214"
"Manwah","3015"
"Maq Draq (Musa)","3104"
"Marathon Electric","1292"
"Marco Metales","1033"
"Marcopolo","3784"
"Marelli","1886"
"Marka Qolor","1363"
"Markdom","2679"
"Marklog","2106"
"Markwins Beauty","1137"
"Marley Precision","926"
"Marmon","4056"
"Marquardt","59"
"Martin Technologies","1356"
"Martinrea","510"
"Mary Kay","520"
"Marzam","1845"
"Maseca","2726"
"Masonite","1565"
"Master Brands","2229"
"Master Logis","477"
"Masterbrand","1158"
"Masterpiece Gallery","1334"
"Mata Automotive","3510"
"Matcor Matsu","780"
"Matrix Wire","1051"
"Matsuo","563"
"Mattel","2338"
"Maxon","1245"
"Maxxi","364"
"Mayco","89"
"Maypo","2140"
"Maysteel","1355"
"Mazda","3049"
"Mazda Logistic","1172"
"Mazda Logistica","574"
"MCDS","2128"
"MCI","1367"
"MD Electronik","467"
"MecaPlast","312"
"Medline","49"
"Medtronics","2786"
"Mega Techway","3642"
"Mekralang","1303"
"Mentor Media","3462"
"Mercado Libre","1103"
"Mergon","3063"
"Merit","1190"
"Merit Aluminum","2967"
"Merit Automotive","1410"
"Meritor","2325"
"Merza","2178"
"Mesink","2395"
"Metal Precision","1915"
"Metaldyne","231"
"Metalex","212"
"Metallus","4035"
"Metalor","832"
"Metalsa","633"
"Methode","596"
"Metokote","188"
"Metricsworks","3529"
"Metso Outec","3291"
"Mex Molde","387"
"Mexfiber","1346"
"Mexflex","777"
"Mexflex Logistics","1040"
"Mexin","968"
"MexiRRC","2384"
"MFG","1296"
"MHW Group","1102"
"MIBA","3670"
"Michelin","399"
"Middleby Worlwide","396"
"Midori","767"
"Midori Nanjo","553"
"Mighty Buildings","2926"
"Millenium","1379"
"Milliken","536"
"Minda Mexico","664"
"Minglida","3439"
"Minhua","786"
"Miniso","1119"
"Mino Industry","806"
"Mirage","3252"
"Miraplastek","504"
"Mirsa Manufacturing","2257"
"Mitchell Plastics","837"
"Mitsubishi","386"
"Mitsui Chemical","719"
"Mitsumi","1560"
"Miyazaki","554"
"MMA","1320"
"MMI","310"
"Mobel Creativ","1820"
"Mobil","3555"
"Mobis","90"
"Modatelas","2987"
"Modine","1174"
"Modineer (Tecma)","2165"
"Mol Logistics","912"
"Molex","2771"
"Molten","1326"
"Momatt","1665"
"Mondelez","60"
"Monosuisse","182"
"Monroe","1333"
"Moriroku Tech","146"
"Moriroku Technology","1126"
"Motivation Graphic","963"
"Mount Frankiln Foods","3460"
"MPA","415"
"MPE","1227"
"MRM","2366"
"MSC","3077"
"MSC  Industrial","3845"
"MTA","384"
"MTC","656"
"Mubea","3272"
"Mueller Industries","2945"
"Multi-Wing","3388"
"Multiaccesorios","2272"
"Multilog","3569"
"Multitech","2196"
"Multitek","272"
"Mutivac","395"
"Myfac","98"
"MYS - Hisense","3909"
"Myunghwa","73"
"Nachi Technology","97"
"Nadro","2991"
"Nagahmor","1090"
"NAL","1113"
"Napoleon Grills","3988"
"NAPS","372"
"NAPS (Adore Me)","2219"
"NAPS (Catchmaster)","2952"
"NAPS (Interconnect)","1224"
"NAPS (Northwire)","3421"
"NAPS (Seccion I)","2927"
"NAPS (Snugz)","3169"
"NAPS (Vuori)","1805"
"Nara Battery Engineering","3603"
"Nashtarub","994"
"Nasu (Natural Syrop)","1286"
"NASYP","2975"
"Navistar","9"
"NBHX Trim","2042"
"NCH","1459"
"Neapco","15"
"Neaton","2001"
"Nefab","649"
"Nelson Global","139"
"Nemak","3213"
"Nestle - Purina","35"
"Net Eaglerise","3849"
"New Process Steel","1211"
"Newell Rubbermaid","952"
"Newman","728"
"Newman Technology","641"
"Nexeo Solutions","1257"
"Nexteer","489"
"NH Inabata","1057"
"Niagara","410"
"Nidec","1510"
"Nifco","898"
"Nihon Plast","3409"
"Nippon Bee Chemical","150"
"Nippon Express","252"
"Nippon Paint Automotive","863"
"Niquel Cromex","1098"
"Nishikawa","1193"
"Nissen Chemic","775"
"Nistran","1676"
"Nistrans","2057"
"Nitto Denko","3824"
"NKM","509"
"NKP Mexico","1412"
"NKPM","121"
"NMML","3746"
"Noah Itech","3280"
"Norcast","3552"
"Nordex","1907"
"Nordika","308"
"Nordson","2079"
"Nordyne","201"
"Norman Mexico","3443"
"Norman Shutters","1671"
"Nortech","1274"
"Northern Tool","3617"
"Nostalgico","341"
"Nova","627"
"Nova Steel","949"
"Novaliv","3812"
"Novamex","1237"
"Novem","1240"
"NPC","1299"
"NSK","1212"
"NSK Warner","901"
"Nucor","3014"
"Nugar","628"
"Number One Expedite (NOE)","1677"
"Nutec","52"
"Nvent - Hoffman Schroff","3327"
"Nyce","2798"
"Nylok","724"
"Nypro","866"
"NYX","2170"
"O Reilly","2383"
"Oasis","2190"
"Oatey","1024"
"Ocean Side Glass Tile","654"
"Oeschler","3176"
"Office Depot","406"
"Ofiplan","264"
"Ogawa","1061"
"Ogiso","248"
"Omron","46"
"One Logistic","1984"
"Oneal","135"
"Onest Logistics","2212"
"Onilog","637"
"Onnera","3429"
"OnOff Electric","3902"
"Ontex","1402"
"OPA","1570"
"OPA Mexicana","316"
"Open Gate","3333"
"Open Warehouse","1577"
"Operadora Logistica Rio Valle","3783"
"Optimas","2204"
"Optimo Autopartes","2342"
"Optisource - Doncasters","1036"
"Orbis","675"
"Ordena","2209"
"Orsan","2388"
"OSG","528"
"OSG Royco","221"
"OTR Wheel Engineering Inc","3825"
"Otscon","743"
"Outset Medical","1715"
"Overhead","1272"
"Owens Corning","1261"
"Oxxo","82"
"P&C","3415"
"P&R Components","1392"
"Pacific Northern","3469"
"Pacific Star","891"
"Pactiv","1315"
"Paige Electric","3584"
"Palacio de Hierro","585"
"Panalpina","983"
"Panasonic","237"
"Panduit","2114"
"Panibakers","1843"
"Pantos","58"
"Pantos Logistics","1681"
"Paquete Express","176"
"Paqueteria Castores","2615"
"Paqueteria Express","3180"
"Paquetexpress","3897"
"Paramount","679"
"Parker","3350"
"Paslin","3454"
"Passion Splash","512"
"Pasubio","3978"
"Path Logistic","1985"
"Paulo","980"
"Pavisa","28"
"Pavonine","3302"
"PDM","692"
"Peace Industries","1249"
"Pearl Leather","1152"
"Pec de Mexico","130"
"Pegasus","929"
"Pegatron","3188"
"Peiker Acoustic","265"
"Pelican CNC","1407"
"Pemcor Packaging","2223"
"PEMSA","1530"
"Pending","57"
"Penpac","632"
"Penpack","1304"
"Penske","1417"
"Pentair","101"
"Pepsi","235"
"Pepsico","481"
"Perennials","594"
"Perfect Balance","1666"
"Perfiles LM","3788"
"Perlick","170"
"Perrigo","524"
"Persico","1448"
"Petco","204"
"Peter Lacke","2265"
"Petrom","1341"
"PetroM Logistics","2799"
"Pfinder Chemie","1288"
"Pharmatycsa Mexico","2317"
"Philip Morris","1938"
"Phillip","1874"
"Phillips","1022"
"Pieles y Derivados","589"
"Pinturas Sayer","1023"
"Pinturas Tresoldi","2606"
"Pioneer","2080"
"Pioneer Neuman","1925"
"Pionner Corporation","488"
"Pirelli","500"
"PiSA","2287"
"PiSA Farmaceutica","3492"
"Pizz Hut","3275"
"Plasman","3057"
"Plasses","155"
"Plastek","3980"
"Plastic Omnium","447"
"Plastics Mexicali","3820"
"Plastiexports","2173"
"Plastivaloire","659"
"Plazteca","2341"
"Plexus","1108"
"Pluma Nacional","1844"
"PM de Mexico","941"
"PM Packaging","2721"
"PMC","1302"
"PMX a Nisha Company","1005"
"Polaris","161"
"Polarium","2767"
"Poligof","2300"
"Pollman","1728"
"Polygroup","1171"
"Polytech","1690"
"Poncedisa","56"
"Pont Aurell y Armengol","560"
"Porcelana Corona","3574"
"Possehl","1791"
"PPG Industries","1442"
"Precision Cable Assemblies","1809"
"Preh","835"
"Premold Corporation","734"
"Pret","3616"
"Primax","3372"
"Prince Manufacturing","2731"
"Printful - Tacna","2081"
"Printpack","1756"
"Procolor","2068"
"Procter & Gambler","3855"
"Progressive Products","931"
"Prolec","3199"
"Proma","2152"
"Promare","3423"
"Promeba","2314"
"Promologistic","3958"
"PromoLogistics","107"
"Propiedades Cisco","84"
"Prosource","2787"
"Protrans","1132"
"Prova","1432"
"Prova Logistico","3161"
"Prove Diplastic","315"
"Proven","727"
"Proyecto Ensambles","2021"
"PSC Industries","213"
"PTI  QCS","1813"
"Pulses del Pacifico","2765"
"Puma","429"
"Purina","865"
"PXI Automotive","4031"
"PYA Automotive","976"
"Pysia","2019"
"Q Seal","2195"
"Q Seals de Mexico","616"
"Qualcom","3523"
"Qualianz","2115"
"Qualianz (Basal)","2815"
"Quanshen","469"
"Quansheng","179"
"Quantas Computer","2239"
"Quattro B","2616"
"Quickbox","1696"
"Quimisur","3697"
"Quimmco","1704"
"R.S. Hughes","3813"
"Raga de Mexico","2643"
"RAM","2719"
"RAM Technologies","1278"
"Ramskrishna","4052"
"Randall Metals","3727"
"Rane Group","3657"
"Rattunde","747"
"Raufoss Aluminum","821"
"Raven Rubber","2074"
"Ravisa","2192"
"Raymond","631"
"Rayon Silk","3773"
"RC Quimicos","1627"
"RCF","3516"
"RCI","255"
"Real Truck","3915"
"Reckitt Benckiser","618"
"Reclastic","1266"
"Recodeal","3294"
"Recolectora Ensenada","1311"
"Red Spot","717"
"Regail Beloit","398"
"Regal Rexnord","3315"
"REIS","185"
"REIS Logistics","2730"
"Relats","1014"
"Remy","801"
"Resideo","3668"
"Restronics","1439"
"Rev a Shelf","2958"
"Revcor","1706"
"Revelant Group","1607"
"Rexnord","17"
"Rheem","2304"
"Ricoh","1201"
"Ricolino","3085"
"Ridell","3753"
"Rieke","804"
"Risever","3416"
"Rivulis","1176"
"RMG Proyectos","1395"
"Robert Shaw","187"
"Rocand","273"
"Roechling","3365"
"Roga Etiquetas","748"
"Roger","3832"
"Roger Foam","1837"
"Rogers Foam","3062"
"Rongtai Group","562"
"Rosenberger","2112"
"Roshfrans","874"
"Royal Die","1250"
"Royal Interpack","1427"
"RP Tech (Eaton)","3541"
"RR Donnelly","3579"
"RSI","1824"
"RT Plastics","795"
"RTP","3410"
"Ruef","3414"
"Ryder","148"
"Ryobi","1004"
"S&A Automotive","651"
"S&MIN","2303"
"SA Automotive","3528"
"Saetex","1945"
"SAF Holland","3690"
"Safran","1717"
"Sage Automotive","3635"
"Saic Motors","3663"
"Saint Gobain","857"
"Saleri","1610"
"Sambo Motors","708"
"Sampa","2099"
"Samsung","284"
"SAMU Mexico","1313"
"Samuel Company","1519"
"Sana Precision","961"
"Sanchez Martin","361"
"Sandvik","726"
"Sanfer","1977"
"Sanhua","91"
"Sankin","548"
"Sanko","661"
"Sanmina","1317"
"Sanoh","347"
"Sanwa Packing Industry","647"
"Sanyo Special Steel","796"
"Sar Logisticso","370"
"Sauer Comoressors","3755"
"SB Logistic","3504"
"SB Logistics","244"
"SB Manufacturing","2972"
"SBS","2691"
"SC Johnson","2982"
"Scanti Bodies","2002"
"Scantibodies","3438"
"Schaeffer Group","791"
"Schaeffler Group","1135"
"Scherdel","3426"
"Schlemmer","1585"
"Schneider Electric","5"
"Schnellecke Logistics","3809"
"Schreiber","16"
"SCM","1541"
"SDS","986"
"Seacomp","3564"
"Seagate","220"
"Seah FS","1831"
"SeAH Precision","687"
"Sealed Air","261"
"Searus","1743"
"Season Group","295"
"Seccion Uno","3898"
"Sefreight","812"
"Seglo Logistics","979"
"Segrove","591"
"Segue","3678"
"Sekai","3081"
"Sekesui Plastics","867"
"Seko / Multitrans","1793"
"Sel Empaques","2762"
"Senegence","1353"
"Sensata Technologies","3699"
"Seohan","50"
"Seoyon","1611"
"Sepsa","1339"
"Serra Soldadura","676"
"Serviacero","240"
"Servicios Faharo","3020"
"Seytu Cosmetica","1877"
"SF Express","2641"
"SFI","1823"
"Shangai Mft","3561"
"Shape Corp","55"
"Sharp","1550"
"Shawmut","2199"
"Shein","3595"
"Sheise","258"
"Shengung","271"
"Shenker Logistics","70"
"Shenzhen Minglida","2916"
"Sherwin Williams","1778"
"Shida Tongai","3875"
"Shimizu Corp","608"
"Shinil Chemical","1220"
"Shinso","385"
"Shopee","2993"
"Shresh","3432"
"Shugart","1034"
"Shure Electronica","2732"
"Shutz Elsa","3899"
"Shuzou Yourfriend","3903"
"Siebenwurst","389"
"Siegfried Rhein","2213"
"Siemens","2183"
"Sierra Norte Truck","3144"
"SIG","2389"
"Sigma","3560"
"SIIX","465"
"Silding D","352"
"Sincronia Logistica","1771"
"Sinec","499"
"Sinil Industry","527"
"Sisamex","2036"
"SJ Tools","2720"
"SJM","246"
"SK Automotive","332"
"SKC","260"
"SKF","87"
"Sky Jack Linamar","3016"
"Skylish","1617"
"Skyworks","1083"
"SMR","131"
"SMTC","2127"
"Smurfit","1221"
"Smurfit Kappa","286"
"Sodisa","491"
"Sogefi","39"
"Sohnen","3203"
"Sola Woods Flowers","3576"
"Solar Plastics","2206"
"Solgic","1936"
"Solistica","1871"
"Solo Word Partners","4021"
"Solo World","2686"
"Soloworld","234"
"Soluciones de Logisticsa","1092"
"Soluglob","1952"
"Soluglob Ikon","572"
"SoluLogis","3761"
"Solum (Proserman)","1817"
"Solventum","4002"
"SonaComstar","3802"
"Sonavox","933"
"Sonoco","1279"
"SpeedTech","3602"
"Spencer","1208"
"Speqtrum","1331"
"Spiral Logistics","1521"
"Spirol","1000"
"SPL","1881"
"Splenda","61"
"SPM","157"
"SPS Automotive Parts","3826"
"Spyris","417"
"SRG Global","953"
"SS Delta Tech","685"
"SSPI","1243"
"Stabilus","353"
"Standard Cable","1285"
"Standard Cooper","41"
"Standard Fiber","3088"
"Standard Motor Products","906"
"Standard Profil","2948"
"Standard Register","3012"
"Stanley Electric","428"
"Stant","1808"
"Starion","3937"
"Stark Manufacturing","3389"
"Steelcase","1441"
"Steren","3566"
"Steva","639"
"Stewart Warner","351"
"STK","2677"
"Sto Corp","4039"
"Storage Logistic","2985"
"Strongwell","193"
"Stryker","1714"
"Stuff  Factory","3694"
"Stuffactory","2396"
"Subermex","3760"
"Suhil","3720"
"Sultana Packaging","2964"
"Suma Company","215"
"Suma Express","3338"
"Suminoe","2315"
"Sumitomo","1653"
"Summit","1508"
"Summit Plastics","789"
"Sun Metals","1768"
"Sungwoo","3306"
"Sungwoo Hitech","3"
"Sunnen","1480"
"Sunstrong","3556"
"Suntech","2071"
"Sunwoo","1185"
"Super Ofertas","1956"
"Superficies Industriales","1342"
"Suplier City","3653"
"Supplier City","985"
"Supply Chain","383"
"Supply Technology","1815"
"Suspensys","1488"
"Suzhou Ouliyou","4023"
"Suzuyo","1144"
"Svensson","2768"
"SW Global","391"
"SY Cyclo","1373"
"Symbex","1215"
"Symphony LTD","958"
"Syncreon","1042"
"Syngenta","1660"
"T&J Manufacturing","357"
"Tacke Back Logistic","3782"
"Tacna","869"
"Tacna - Aldila","1901"
"Tacna - Centerpiece","1746"
"Tacna (Printfull)","1688"
"Taehwa","54"
"Taesung","1260"
"Tamcas","1718"
"Tamcas - SMT","2971"
"Tamura Corp","3907"
"TAMX","3944"
"Tangtring","3562"
"Tata","556"
"Tatsumi","105"
"Taurus","609"
"Taxan","1068"
"Taxan SWE","3620"
"Taylor Products","1903"
"TB&C","2938"
"TB&C Outsert","229"
"TBC","4016"
"TBC Mexico","1943"
"TCI","1435"
"TCL Moka","1700"
"TDR Transportes","226"
"Teacher PM","944"
"Team Industries","1600"
"Team Tech","3384"
"Technimark","464"
"Technoplast","545"
"Technosteel","948"
"Tecma","600"
"Tecma (KGP)","2663"
"TECMA (Lippert)","2956"
"TECMA (Total Display Solutions)","1799"
"Tecma (Zirtec)","1693"
"Tecnoled","2072"
"Tecnologia y Dise?o","356"
"Tecnovidrio","3882"
"Teco","3494"
"Teconnex","3076"
"Teklas","518"
"Teleflex","171"
"Televisa","127"
"Tempel","1295"
"Tenere","117"
"Tenneco","482"
"Tenneco - Walker","809"
"Tequila Campo Azul","2741"
"Tequileno","2070"
"Terex","2014"
"Terminal Logistic","1661"
"Ternium","3803"
"Terramar Brands","2980"
"Terrex (Faurecia)","3514"
"Tesla","3646"
"Textil American Company","292"
"TFT Logistica","3472"
"TGI","1719"
"Thermofisher","1406"
"Thermotek","259"
"Thiel & Hoche","2706"
"Thomas & Betts","99"
"Thomson","2185"
"Thursday Boot","3331"
"Thyssenkrupp","2381"
"TI Automotive","3716"
"TI Fluid System","1949"
"TI Hanil","245"
"Tianhai Electric","860"
"TIBA","289"
"Tiberina Group","3356"
"TIDI","3371"
"Tiendas 3B","2999"
"Tiendas Neto","1987"
"Timksteel Corp","3936"
"TIMS DAIEI","1773"
"Tinsa","925"
"Titan X","3273"
"TKC Teknocuero","1062"
"TKO Sales","3852"
"TLT Terminal","2274"
"TMI Automotive","1749"
"TMP","3797"
"TNA","1382"
"Tokai","27"
"Tokyo Roky","202"
"Top Metal","40"
"Topband","2700"
"Topy  Fasteners","638"
"Toro Company","1414"
"Torrey","1200"
"Tortimaq","1992"
"Total Display Solutions","1267"
"Totomak","714"
"Totto","636"
"Tournesol","1077"
"Tox Pressotechnik","1063"
"Toyo Automotive","388"
"Toyoda Gosei","1633"
"Toyoda Tsusho","1735"
"Toyota","367"
"Toyota Tsusho","977"
"TP Intermodal","1350"
"TPI","1153"
"TPI Composite","813"
"TPI Composites","416"
"Trancasa","2363"
"Trane","2365"
"Trane Technologies","3211"
"Transmatic","236"
"Transpack","2296"
"TransPak","1419"
"Transparent Container","1228"
"Transportes Dangil","1908"
"Trate Logistica","2760"
"Travers Tools","1668"
"Tres Guerras","275"
"Trico","2708"
"Triple Metal","3851"
"Tristone","4011"
"Tritech","579"
"Troquelados Queretaro (NASG)","159"
"Trox","1324"
"Truck - Lite","604"
"Truck - Phillip","2293"
"Trucktile","2323"
"True Blue Manufacturing","1199"
"True Manufacturing","2020"
"Trueblue Manufacturing","522"
"Truper","1239"
"Trupper","116"
"TRW","156"
"TSMT","3512"
"TTAM","1751"
"Tubos PVC","2340"
"TUM","68"
"Tuopu","3621"
"Turbo System","1277"
"Turk","905"
"Tuvanosa","2387"
"TXI Logistics","3368"
"TY Optics","1351"
"Tyco","1154"
"Tyco Electronics","2283"
"Tycsa","3744"
"Tyko","760"
"UACJ","2046"
"Ubictum","1548"
"UFI Filter","1318"
"UFM","329"
"UGN","773"
"UL de Mexico","2385"
"Uline","2247"
"UMAS","3923"
"UMC Electronics","790"
"Uni Trade","1535"
"Unico Logistics","1490"
"Unilever","4055"
"Unimacts","3448"
"Unique Fabricant","701"
"Unique Services Group","2723"
"Unison","3515"
"Unitech Foam","893"
"United Polymer","3406"
"United Technology","425"
"Universal Electronics","1156"
"Universo de Fragancias","2134"
"UPM","1384"
"Ureblock","196"
"US Solutions","3116"
"USG","1468"
"Usui International Manufacturing","1349"
"UTI","100"
"UTI Logistics","355"
"Util","1880"
"UTZ","1052"
"Valder","3412"
"Valeo","793"
"Valiant TMS","2654"
"Valmont","1612"
"Valtic","219"
"Vantage Servicios Integrales","3147"
"Varian","1832"
"Various System - NAPS","2010"
"Velcro","1041"
"Velvac","1736"
"Venanprin Tools","2266"
"Venti","3345"
"Vento","3543"
"Venture Steel","3850"
"Verde Valle","2742"
"Veritiv","975"
"Vernell","3873"
"Vertiv","1219"
"Vesta H1","689"
"Vesuvius","394"
"Veyance","114"
"VF Outdoor","765"
"Via System","2696"
"Vibracoustic","3377"
"Victory Packaging","603"
"Victory Packanging","134"
"Vinventions","3451"
"Vishay","3112"
"Visscher Caravelle","840"
"Vissher Caravelle","2918"
"Visteon","26"
"Vitro","74"
"Vitti Logistics","1527"
"Voestalpine","1335"
"Volex","3667"
"Volex de Mexico","3904"
"Volvo Group Truck","2621"
"Voss Automotive","483"
"Vtech","3517"
"VUHL","713"
"Vuteq","3027"
"VW","13"
"Wagner House","3267"
"Wagner Logistics","2286"
"Walbridge","3118"
"Waldaschaff","932"
"Waldos","2613"
"Walmart","34"
"Warren","125"
"Wasion","3334"
"Watkins Wellness","2311"
"Watlow","190"
"Webasto","1112"
"Weida","3208"
"Weidmann","4019"
"Weidner","1583"
"Weiss Aug","710"
"Welch Allyn","584"
"Welldex","2252"
"Werner","2008"
"West Modular","2004"
"WFI","2772"
"WH Logistic","3374"
"Whirlpool","817"
"WIC","2156"
"Wiegel","3901"
"Wieland Metal Services","3107"
"Windings","4015"
"Wire Master","1100"
"Wisdom","2113"
"Wistrom","2184"
"Wistron","1604"
"Wiwynn","3183"
"WKK","3612"
"Wolverine","1256"
"Woobo Tech","4040"
"Woodsage","3160"
"Woolworth","2018"
"Woory","660"
"WS Audiology","2256"
"WS Display","1275"
"Wurth","4057"
"WWF","1674"
"Xanor","3047"
"XB Logistics","1145"
"XCF","369"
"XCMG","2950"
"Xin Point","758"
"Xinlong","1582"
"Xinquan","2121"
"Xped","3352"
"XPO Logistics","1539"
"Xuzhou","1634"
"Xuzhou BUT","3198"
"Xylem","3885"
"XZB","1616"
"Yamato Scale","2263"
"Yanfeng","776"
"Yaskawa","750"
"Yasunaga","599"
"Yazaki","433"
"Yazbek","3535"
"YFY Jupiter","1914"
"Yinlun","3038"
"Yokohama","1074"
"Yokozu","612"
"Yomp","2108"
"Yongsan","104"
"YSM","122"
"Yucatan Foods","128"
"Yukata","80"
"Yuken","1241"
"Yura Electronics","3554"
"Yusei Machinery","2333"
"Yuto","3919"
"Zat Logistics","1440"
"Zebra Pen","1745"
"ZF","561"
"ZF Automotive","1947"
"ZF Electronic System","3337"
"ZF Lab","3222"
"ZF Services","3219"
"Zheijang Longterm","4041"
"Zhongding","3484"
"Ziemann Holvrieka","3724"
"Zimag Logistics","617"
"Zinkpower","2297"
"ZKW","1727"
"Zoncen","3676"
"Zoomlion","3344"
"Zorro Abarrotero","3425"
"Zoy Living","3341"
